{
    "per_pose_error": {
        "Average": {
            "Average": 23.812333433631363,
            "Directions": 17.061677391849347,
            "Discussion": 18.502410404265873,
            "Eating": 16.920180191532257,
            "Greeting": 47.557701235911885,
            "Phoning": 17.527283269708807,
            "Posing": 16.515264440465856,
            "Purchases": 17.80877216045673,
            "Sitting": 20.064013671875,
            "SittingDown": 55.87959520744555,
            "Smoking": 18.340097366402684,
            "TakingPhoto": 18.28737959902511,
            "Waiting": 45.82505208333333,
            "Walking": 17.271623138688568,
            "WalkingDog": 19.0208740234375,
            "WalkingTogether": 16.810428292410716
        },
        "S1": {
            "Average": NaN,
            "Directions": NaN,
            "Discussion": NaN,
            "Eating": NaN,
            "Greeting": NaN,
            "Phoning": NaN,
            "Posing": NaN,
            "Purchases": NaN,
            "Sitting": NaN,
            "SittingDown": NaN,
            "Smoking": NaN,
            "TakingPhoto": NaN,
            "Waiting": NaN,
            "Walking": NaN,
            "WalkingDog": NaN,
            "WalkingTogether": NaN
        },
        "S11": {
            "Average": 14.55974815631735,
            "Directions": 13.440455118815104,
            "Discussion": 13.405605960201907,
            "Eating": 14.121873452629842,
            "Greeting": 14.633448464529854,
            "Phoning": 15.239023279260707,
            "Posing": 13.541025576384172,
            "Purchases": 15.65027483771829,
            "Sitting": 14.98935077373798,
            "SittingDown": 16.38695038342085,
            "Smoking": 15.088886540110519,
            "TakingPhoto": 15.718816924513431,
            "Waiting": 13.343904707166883,
            "Walking": 13.89353297306941,
            "WalkingDog": 14.873942057291666,
            "WalkingTogether": 14.027245016659007
        },
        "S5": {
            "Average": NaN,
            "Directions": NaN,
            "Discussion": NaN,
            "Eating": NaN,
            "Greeting": NaN,
            "Phoning": NaN,
            "Posing": NaN,
            "Purchases": NaN,
            "Sitting": NaN,
            "SittingDown": NaN,
            "Smoking": NaN,
            "TakingPhoto": NaN,
            "Waiting": NaN,
            "Walking": NaN,
            "WalkingDog": NaN,
            "WalkingTogether": NaN
        },
        "S6": {
            "Average": NaN,
            "Directions": NaN,
            "Discussion": NaN,
            "Eating": NaN,
            "Greeting": NaN,
            "Phoning": NaN,
            "Posing": NaN,
            "Purchases": NaN,
            "Sitting": NaN,
            "SittingDown": NaN,
            "Smoking": NaN,
            "TakingPhoto": NaN,
            "Waiting": NaN,
            "Walking": NaN,
            "WalkingDog": NaN,
            "WalkingTogether": NaN
        },
        "S7": {
            "Average": NaN,
            "Directions": NaN,
            "Discussion": NaN,
            "Eating": NaN,
            "Greeting": NaN,
            "Phoning": NaN,
            "Posing": NaN,
            "Purchases": NaN,
            "Sitting": NaN,
            "SittingDown": NaN,
            "Smoking": NaN,
            "TakingPhoto": NaN,
            "Waiting": NaN,
            "Walking": NaN,
            "WalkingDog": NaN,
            "WalkingTogether": NaN
        },
        "S8": {
            "Average": NaN,
            "Directions": NaN,
            "Discussion": NaN,
            "Eating": NaN,
            "Greeting": NaN,
            "Phoning": NaN,
            "Posing": NaN,
            "Purchases": NaN,
            "Sitting": NaN,
            "SittingDown": NaN,
            "Smoking": NaN,
            "TakingPhoto": NaN,
            "Waiting": NaN,
            "Walking": NaN,
            "WalkingDog": NaN,
            "WalkingTogether": NaN
        },
        "S9": {
            "Average": 30.665003990422985,
            "Directions": 19.506001281738282,
            "Discussion": 20.7450048828125,
            "Eating": 19.285417102632067,
            "Greeting": 75.4934248490767,
            "Phoning": 19.73382023402623,
            "Posing": 18.721957299017138,
            "Purchases": 19.476700522682883,
            "Sitting": 23.536153371710526,
            "SittingDown": 89.80991073393486,
            "Smoking": 20.286076677976734,
            "TakingPhoto": 20.72751668294271,
            "Waiting": 75.80765318259215,
            "Walking": 19.974095271183895,
            "WalkingDog": 21.509034946986606,
            "WalkingTogether": 19.438990840205438
        }
    },
    "per_pose_error_relative": {
        "Average": {
            "Average": 20.365679447501147,
            "Directions": 17.97129981197528,
            "Discussion": 19.779746403769842,
            "Eating": 19.44717033140121,
            "Greeting": 18.355920510213885,
            "Phoning": 19.954069380326704,
            "Posing": 17.788453278718173,
            "Purchases": 20.678404196714745,
            "Sitting": 23.271041870117188,
            "SittingDown": 29.42696588689631,
            "Smoking": 20.58410031392694,
            "TakingPhoto": 19.361587393997063,
            "Waiting": 19.378006184895835,
            "Walking": 18.6636962890625,
            "WalkingDog": 21.145856584821427,
            "WalkingTogether": 19.119584147135416
        },
        "S1": {
            "Average": NaN,
            "Directions": NaN,
            "Discussion": NaN,
            "Eating": NaN,
            "Greeting": NaN,
            "Phoning": NaN,
            "Posing": NaN,
            "Purchases": NaN,
            "Sitting": NaN,
            "SittingDown": NaN,
            "Smoking": NaN,
            "TakingPhoto": NaN,
            "Waiting": NaN,
            "Walking": NaN,
            "WalkingDog": NaN,
            "WalkingTogether": NaN
        },
        "S11": {
            "Average": 16.78687786233836,
            "Directions": 15.460484822591146,
            "Discussion": 13.79163509220272,
            "Eating": 15.981023224306778,
            "Greeting": 15.46445083618164,
            "Phoning": 18.235799153645832,
            "Posing": 14.974408357039742,
            "Purchases": 18.709047205307904,
            "Sitting": 19.016211876502403,
            "SittingDown": 18.525731821529202,
            "Smoking": 17.223355921303355,
            "TakingPhoto": 17.278420431572094,
            "Waiting": 14.914127773708767,
            "Walking": 17.048124460073616,
            "WalkingDog": 18.07072012765067,
            "WalkingTogether": 17.72044402477788
        },
        "S5": {
            "Average": NaN,
            "Directions": NaN,
            "Discussion": NaN,
            "Eating": NaN,
            "Greeting": NaN,
            "Phoning": NaN,
            "Posing": NaN,
            "Purchases": NaN,
            "Sitting": NaN,
            "SittingDown": NaN,
            "Smoking": NaN,
            "TakingPhoto": NaN,
            "Waiting": NaN,
            "Walking": NaN,
            "WalkingDog": NaN,
            "WalkingTogether": NaN
        },
        "S6": {
            "Average": NaN,
            "Directions": NaN,
            "Discussion": NaN,
            "Eating": NaN,
            "Greeting": NaN,
            "Phoning": NaN,
            "Posing": NaN,
            "Purchases": NaN,
            "Sitting": NaN,
            "SittingDown": NaN,
            "Smoking": NaN,
            "TakingPhoto": NaN,
            "Waiting": NaN,
            "Walking": NaN,
            "WalkingDog": NaN,
            "WalkingTogether": NaN
        },
        "S7": {
            "Average": NaN,
            "Directions": NaN,
            "Discussion": NaN,
            "Eating": NaN,
            "Greeting": NaN,
            "Phoning": NaN,
            "Posing": NaN,
            "Purchases": NaN,